Title,Description,Unnamed: 2,processed_description
Cooking Fever - Juego de Chef,"Prepara platos deliciosos y postres en tu propio restaurante y descubre las distintas cocinas del mundo con este adictivo juego gratuito de gestiÃ³n temporal! ğŸ‘©â€ğŸ³ Disfruta de una amplia selecciÃ³n de ubicaciones y restaurantes: desde dulces postres ğŸ° a sabrosas hamburguesas ğŸ”; de la cocina china ğŸ¥¢ a la cocina india ğŸ›; podrÃ¡s practicar tus habilidades culinarias en distintas cocinas y aprender tÃ©cnicas de preparaciÃ³n gastronÃ³mica de todos los rincones del mundo. ğŸŒ Desbloquea cientos de deliciosas recetas para preparar y servir en tu propio restaurante. ğŸ³ Prueba todo tipo de aparatos de cocina, desde cafeteras y ollas arroceras hasta hornos de pizza y mÃ¡quinas de palomitas. Decora tus restaurantes para atraer a mÃ¡s clientes. Sirve aperitivos como galletas ğŸª y cupcakes ğŸ§ y sÃ­rveselos gratis a los clientes para que su experiencia sea mÃ¡s personal e inolvidable. Â¡Como en la vida real! Mejora tu cocina para poder crear platos aÃºn mÃ¡s variados. ğŸ˜ Por cierto, Â¿hemos dicho ya que este juego engancha mÃ¡s que una bolsa de pipas? Â¡DiviÃ©rtete cocinando y no te olvides de compartir tus riquÃ­simas creaciones con tus amigos en Facebook! ğŸ¤—","Â¡VÃ­stete con tu chaqueta de chef, ponte tu gorro de chef y prepÃ¡rate para convertirte en el chef loco de la fiebre de la locura en My Cooking!ğŸ‘©â€ğŸ³ğŸ‘¨â€ğŸ³ My Cooking, Â¡un NUEVO juego de cocina de restaurante GRATUITO! FÃ¡cil de jugar y rico en comida y platos. Â¡Toque rÃ¡pidamente con UN solo dedo y podrÃ¡ completar todos los platos preparando, cocinando y sirviendo el trabajo! Â¡Administre el tiempo con buenas estrategias y opere su propio imperio de cadena de restaurantes de inicio global desde la ciudad de la cocina AHORA! Cocine delicias de todo el mundo Desde filete de ternera a la parrillağŸ¥© hasta hamburguesa de comida rÃ¡pidağŸ”, excelente pizzağŸ•, desde comida de mariscos elegante ğŸ¦ hasta barbacoa caliente al aire libreğŸ¢, desde delicado sushi sashimi ğŸ£ hasta pastel de postre dulceğŸ©, todo tipo de cocinas se pueden encontrar en nuestro Libro diario de recetas mÃ¡gicas ! Â¡Aprendamos a ser grandes chefs febriles, como nuestra increÃ­ble mamÃ¡ cocinera! Â¡Cada restaurante temÃ¡tico especial ha preparado ingredientes frescos y platos ricos para los Chefs de Madness, esperando que demuestres tus excelentes habilidades culinarias! Restaurantes temÃ¡ticos especiales abiertos Disfrute de los cerezos en flor de primavera en Ramen Canteen ğŸœ, pruebe la comida Michelin en Western RestaurantğŸŒ, experimente una buena pizza en la pizzerÃ­a tradicional italianağŸ• y sienta el apasionado ambiente latino en el restaurante mexicano ğŸŒ¯. Elegante CafÃ©â˜•ï¸, gran pizzerÃ­a ğŸ•, deliciosa tienda de sushi ğŸ£, Taco Truck vivo ğŸŒ®, cada tienda de ensueÃ±o y exquisita te traerÃ¡ una experiencia completamente nueva, no solo la comida, Â¡sino tambiÃ©n el ambiente cultural! Mejora rÃ¡pidamente tÃ©cnicas de cocina, domina los mÃ©todos de cocina, desbloquea mÃ¡s restaurantes temÃ¡ticos y conviÃ©rtete en el mejor chef del mundo. Domina las tÃ©cnicas y estrategias de cocina ğŸ³Aprenda mÃ©todos de cocciÃ³n: freÃ­r, hornear, hervir, cocinar al vapor, cocinar a fuego lento y asar, todas las formas de cocciÃ³n se pueden encontrar aquÃ­ ğŸ›Crea mÃ¡s combos: obtÃ©n bonificaciones adicionales y mÃ¡s logros, mira cuÃ¡ntos combos puedes hacer una vez ğŸ½ Mejore los ingredientes y los utensilios de cocina: aumente los ingresos y reduzca el tiempo de cocciÃ³n, haga que los niveles sean mÃ¡s fÃ¡ciles de pasar â°Utilice mejoras poderosas: complete objetivos de cocina especiales sin problemas, sintiÃ©ndose demasiado desafiante, Â¡pruebe algunas mejoras! Ãšnase a todo tipo de eventos festivos especiales Nuevo desafÃ­o gastronÃ³mico: abre restaurantes al azar para encontrar comida sabrosa de forma inesperada DesafÃ­o de racha: pasa niveles sin perder, para desafiar los rÃ©cords de racha mÃ¡s altos Restaurante de Halloween: sopa de brujas, pastel de calabaza, todas las comidas divertidas y espeluznantes que se pueden encontrar aquÃ­ğŸƒ ğŸ‘» CabaÃ±a navideÃ±a: pavo navideÃ±o, galletas Gingerbread Man, disfruta de una deliciosa cena navideÃ±a ğŸ– ğŸ„ Â¡Y muchos mÃ¡s restaurantes especiales para llevar! MÃ¡s funciones: -FÃ¡cil de jugar, un dedo para completar todo -MÃ¡s de 40 restaurantes temÃ¡ticos -500+ ingredientes para crear mÃ¡s de 100 platos -1000+ niveles bien diseÃ±ados con diferentes estrellas de dificultad! -Los potenciadores mÃ¡gicos te ayudan a pasar niveles sin problemas -MÃ¡s eventos especiales de vacaciones para desafiar -Â¡NO se necesita internet! Disfruta de un juego de gestiÃ³n del tiempo en cualquier momento y lugar -Â¡MÃ¡s restaurantes y delicias prÃ³ximamente! CÃ³mo jugar: â­ Â¡No te preocupes! Â¡SÃºper fÃ¡cil de jugar! Verifique los pedidos de platos de los clientes, toque los ingredientes para cocinar y haga clic en los platos para servir a los clientes. â­Â¿Demasiado simple para ti? Â¡Intenta jugar niveles rosados! ğŸ˜ Â¡Ven y pruÃ©balo! SÃ­ganos en Facebook: https://www.facebook.com/My-Cooking-114689119908044/ Â¿Cualquier pregunta? ContÃ¡ctanos en el juego, Â¡tenemos un sistema de servicio al cliente en la aplicaciÃ³n! O envÃ­enos un correo electrÃ³nico: MyCookingTeam@hotmail.com",prepar delici dish dessert restaur discov differ kitchen world addict free temporari manag game enjoy wide select locat restaur sweet dessert tasti hamburg chines cuisin indian cuisin practic culinari skill differ kitchen learn gastronom prepar techniqu corner world unlock hundr delici recip prepar serv restaur tri type kitchen devic coffe maker rice pot pizza oven popcorn machin decor restaur attract custom serv snack cooki cupcak free custom experi person unforgett real life improv kitchen creat even vari dish way said game hook pipe bag fun cook forget share delici creation friend facebook
Mi Cocina-juego de restaurante,"Â¡VÃ­stete con tu chaqueta de chef, ponte tu gorro de chef y prepÃ¡rate para convertirte en el chef loco de la fiebre de la locura en My Cooking!ğŸ‘©â€ğŸ³ğŸ‘¨â€ğŸ³ My Cooking, Â¡un NUEVO juego de cocina de restaurante GRATUITO! FÃ¡cil de jugar y rico en comida y platos. Â¡Toque rÃ¡pidamente con UN solo dedo y podrÃ¡ completar todos los platos preparando, cocinando y sirviendo el trabajo! Â¡Administre el tiempo con buenas estrategias y opere su propio imperio de cadena de restaurantes de inicio global desde la ciudad de la cocina AHORA! Cocine delicias de todo el mundo Desde filete de ternera a la parrillağŸ¥© hasta hamburguesa de comida rÃ¡pidağŸ”, excelente pizzağŸ•, desde comida de mariscos elegante ğŸ¦ hasta barbacoa caliente al aire libreğŸ¢, desde delicado sushi sashimi ğŸ£ hasta pastel de postre dulceğŸ©, todo tipo de cocinas se pueden encontrar en nuestro Libro diario de recetas mÃ¡gicas ! Â¡Aprendamos a ser grandes chefs febriles, como nuestra increÃ­ble mamÃ¡ cocinera! Â¡Cada restaurante temÃ¡tico especial ha preparado ingredientes frescos y platos ricos para los Chefs de Madness, esperando que demuestres tus excelentes habilidades culinarias! Restaurantes temÃ¡ticos especiales abiertos Disfrute de los cerezos en flor de primavera en Ramen Canteen ğŸœ, pruebe la comida Michelin en Western RestaurantğŸŒ, experimente una buena pizza en la pizzerÃ­a tradicional italianağŸ• y sienta el apasionado ambiente latino en el restaurante mexicano ğŸŒ¯. Elegante CafÃ©â˜•ï¸, gran pizzerÃ­a ğŸ•, deliciosa tienda de sushi ğŸ£, Taco Truck vivo ğŸŒ®, cada tienda de ensueÃ±o y exquisita te traerÃ¡ una experiencia completamente nueva, no solo la comida, Â¡sino tambiÃ©n el ambiente cultural! Mejora rÃ¡pidamente tÃ©cnicas de cocina, domina los mÃ©todos de cocina, desbloquea mÃ¡s restaurantes temÃ¡ticos y conviÃ©rtete en el mejor chef del mundo. Domina las tÃ©cnicas y estrategias de cocina ğŸ³Aprenda mÃ©todos de cocciÃ³n: freÃ­r, hornear, hervir, cocinar al vapor, cocinar a fuego lento y asar, todas las formas de cocciÃ³n se pueden encontrar aquÃ­ ğŸ›Crea mÃ¡s combos: obtÃ©n bonificaciones adicionales y mÃ¡s logros, mira cuÃ¡ntos combos puedes hacer una vez ğŸ½ Mejore los ingredientes y los utensilios de cocina: aumente los ingresos y reduzca el tiempo de cocciÃ³n, haga que los niveles sean mÃ¡s fÃ¡ciles de pasar â°Utilice mejoras poderosas: complete objetivos de cocina especiales sin problemas, sintiÃ©ndose demasiado desafiante, Â¡pruebe algunas mejoras! Ãšnase a todo tipo de eventos festivos especiales Nuevo desafÃ­o gastronÃ³mico: abre restaurantes al azar para encontrar comida sabrosa de forma inesperada DesafÃ­o de racha: pasa niveles sin perder, para desafiar los rÃ©cords de racha mÃ¡s altos Restaurante de Halloween: sopa de brujas, pastel de calabaza, todas las comidas divertidas y espeluznantes que se pueden encontrar aquÃ­ğŸƒ ğŸ‘» CabaÃ±a navideÃ±a: pavo navideÃ±o, galletas Gingerbread Man, disfruta de una deliciosa cena navideÃ±a ğŸ– ğŸ„ Â¡Y muchos mÃ¡s restaurantes especiales para llevar! MÃ¡s funciones: -FÃ¡cil de jugar, un dedo para completar todo -MÃ¡s de 40 restaurantes temÃ¡ticos -500+ ingredientes para crear mÃ¡s de 100 platos -1000+ niveles bien diseÃ±ados con diferentes estrellas de dificultad! -Los potenciadores mÃ¡gicos te ayudan a pasar niveles sin problemas -MÃ¡s eventos especiales de vacaciones para desafiar -Â¡NO se necesita internet! Disfruta de un juego de gestiÃ³n del tiempo en cualquier momento y lugar -Â¡MÃ¡s restaurantes y delicias prÃ³ximamente! CÃ³mo jugar: â­ Â¡No te preocupes! Â¡SÃºper fÃ¡cil de jugar! Verifique los pedidos de platos de los clientes, toque los ingredientes para cocinar y haga clic en los platos para servir a los clientes. â­Â¿Demasiado simple para ti? Â¡Intenta jugar niveles rosados! ğŸ˜ Â¡Ven y pruÃ©balo! SÃ­ganos en Facebook: https://www.facebook.com/My-Cooking-114689119908044/ Â¿Cualquier pregunta? ContÃ¡ctanos en el juego, Â¡tenemos un sistema de servicio al cliente en la aplicaciÃ³n! O envÃ­enos un correo electrÃ³nico: MyCookingTeam@hotmail.com",,dress chef jacket put chef hat prepar becom crazi chef mad fever cook cook new free restaur kitchen game easi play rich food dish touch quick one finger complet dish prepar cook serv work manag time good strategi oper global start restaur chain empir citi kitchen cook delight world grill veal fillet fast food hamburg excel pizza eleg seafood food hot barbecu outdoor delic sushi sashimi sweet dessert cake kind kitchen found daili magic recip book let learn great febril chef like incred cook mom special theme restaur prepar fresh ingredi rich dish mad chef wait excel culinari skill demonstr open special themat restaur enjoy cherri tree spring eleg coffe great pizzeria delici sushi store taco truck vivo dream exquisit store bring complet new experi food also cultur environ quick improv cook techniqu domin cook method unlock themat restaur becom best chef world domin cook techniqu strategi learn cook method fri bake boil steam cook low heat roast form cook found creat combo get addit bonus achiev look mani combo make improv ingredi cook utensil increas revenu reduc cook time make level easi pass use power improv complet special kitchen object without problem feel challeng tri improv uniqu type special festiv event new gastronom challeng open random restaur find tasti food unexpect streak challeng level without lose challeng high streak record halloween restaur witch soup pumpkin past gingerbread man enjoy delici christma dinner mani special restaur take function play finger complet everyth themat restaur ingredi creat dish well level differ difficulti star magic potenti help spend level without problem special holiday event challeng need internet enjoy time manag game time place restaur delight soon play worri super easi play check custom dish order touch ingredi cook click dish serv custom simpl tri play pink level come tri follow us facebook question contact us game custom servic system applic send us email
Cafeland,"Â¡Comienza un viaje de la cocina mundial en Cafeland hoy! Cocina y sirve los deliciosos platos del menÃº y prepara deliciosos dulces. Â¡Mejora tu negocio famoso para servir a las celebridades! Â¡De un bar de aperitivos a un famoso Cafe World! Â¡Decora y diseÃ±a el lugar de tus sueÃ±os en este juego de cafe! Cocina comida sabrosa para mantener contentos a tus clientes. Â¡Es un juego de cocina fantÃ¡stico despuÃ©s de Cafeland! Â¡Tienes cientos de platos diferentes; postres, aperitivos, comida rÃ¡pida y mucho mÃ¡s! AdemÃ¡s, hay cientos de nuevos artÃ­culos para la decoraciÃ³n. Â¡Comienza el juego de restaurante porque este lugar es para ti, chef! Â¿Tienes sugerencias o comentarios? Utiliza el botÃ³n de Contactar en el menÃº de ConfiguraciÃ³n en el juego. Puedes tambiÃ©n enviar un correo electrÃ³nico a: cafelandmobile@gamegos.com Â© 2016 Gamegos - Todos los derechos reservados.",,world cook trip begin cafeland today kitchen serv delici menu dish prepar delici sweet improv famous busi serv celebr bar snack famous coffe world decor design place dream coffe game kitchen tasti food keep custom happi fantast cook game cafeland hundr differ dish dessert snack fast food much addit hundr new articl decor restaur game begin place chef suggest comment use contact button set menu game also send email gamego right reserv
cooking madness,"Â¡Oye, psssst! Â¡TÃº... ven, escucha! Â¡Eres EL CHEF que hemos estado buscando! Â¿Alguna vez has soÃ±ado con cocinar deliciosos platos de todo el mundo y descubrir culturas exÃ³ticas? Â¡Puedes lograr esos sueÃ±os en Locura por Cocinar! Â¡Ven y prueba uno de los juegos de cocina de gestiÃ³n del tiempo GRATUITOS mÃ¡s adictivos de 2025! EXPLORA increÃ­bles restaurantes y comidas exÃ³ticas a lo largo de tu viaje por todo el mundo - Preferido por millones de jugadores globales, Locura por Cocinar presenta con orgullo mÃ¡s de 75 restaurantes temÃ¡ticos de alta calidad, mÃ¡s de 2800 niveles fascinantes para conquistar y cientos de ingredientes para cocinar. - Desde los sabores picantes de MÃ©xico hasta la sofisticaciÃ³n culinaria de ParÃ­s, desde sustanciosas hamburguesas hasta delicado sushi, Â¡te esperan sorpresas en cada emocionante Ã¡rea del mapa para desbloquear! Â¡Llena el manual de la colecciÃ³n de tu chef perfeccionando cientos de deliciosas recetas de todo el mundo! PRACTICA tus tÃ©cnicas de cocina y gestiÃ³n del tiempo: Â¡un verdadero chef utiliza todos los dedos y el cerebro! - Â¡Los comensales hambrientos tienen un apetito voraz de platos deliciosos! Unos pocos toques en la pantalla, Â¡y listo! Â¡EstÃ¡s preparando, cocinando y sirviendo comidas deliciosas como un chef profesional! - Pero espera, la velocidad no lo es todo, Â¡la estrategia es la clave! Â¿Puedes preparar los ingredientes correctos, hacer malabarismos con varios platos y servir a cada cliente justo a tiempo para obtener la mayor bonificaciÃ³n? Â¡Pon a prueba tus habilidades de gestiÃ³n del tiempo y elabora la estrategia perfecta para cada nivel desafiante! MEJORA tu arsenal culinario y obtÃ©n recompensas por logros para alcanzar el cenit del mundo de la cocina - Para crear los platos mÃ¡s exquisitos, necesitarÃ¡s los mejores ingredientes y equipos de primer nivel. Â¡Gana monedas de los niveles y reinviÃ©rtelas para mejorar cada faceta de tu cocina! - Con el manual de logros en el juego, no solo puedes ver los hitos que has alcanzado en el camino para convertirte en un maestro chef, Â¡sino tambiÃ©n reclamar algunas recompensas bien merecidas! Â¡Ãšsalas para impulsar aÃºn mÃ¡s tu progreso y nunca detenerte! DISFRUTA de un jugoso contenido en el juego y una jugabilidad sin igual - SumÃ©rgete en ambientes festivos con restaurantes por tiempo limitado. Desde Halloween hasta el DÃ­a de la Madre, desde el DÃ­a de San Patricio hasta el Festival del Bote de DragÃ³n, Â¡saborea la magia de una aventura cultural! - Con actualizaciones periÃ³dicas que incluyen nuevos restaurantes y contenido, Â¡nuestros chefs siempre se mantienen alerta! - Â¿Estancado en un nivel y con poca energÃ­a? Â¡No temas! Ãšnete a un equipo, llama a amigos en Facebook y envÃ­ense energÃ­a unos a otros. Â¡Compartan sus Ãºltimos triunfos culinarios y sucumban a la fiebre de la cocina juntos! - Abre tus restaurantes en cualquier momento y lugar, con o sin conexiÃ³n a internet. Da rienda suelta a la alegrÃ­a de cocinar, Â¡sin ataduras! Â¡Este es EL juego de cocina que has estado buscando! Â¡No esperes mÃ¡s, ponte el delantal y sumÃ©rgete en una autÃ©ntica locura culinaria! Mantente atento a nuestras redes sociales para conocer las Ãºltimas noticias y obsequios, y encuentra a tus amigos y compaÃ±eros de equipo en nuestra comunidad de jugadores amigables a travÃ©s de: >>> Facebook: https://www.facebook.com/cookingmadness.chef >>> Grupo oficial de fans: https://bit.ly/cookingmadnessofficialgroup >>> Correo electrÃ³nico: game.support@zentertain.net",,hey pssssst come listen chef look ever dream cook delici dish around world discov exot cultur achiev dream mad cook come test one addict free time manag cook game explor incred restaur exot meal throughout trip around world prefer million global player mad cook proud present high qualiti themat restaur fascin level conquer hundr ingredi cook spici flavor mexico culinari sophist pari substanti hamburg delic sushi surpris await excit area map unlock fill manual chef collect perfect hundr delici recip around world practic cook time manag techniqu true chef use finger brain hungri diner voraci appetit delici dish touch screen voila prepar cook serv delici meal like profession chef wait speed everyth strategi key prepar correct ingredi juggl sever dish serv client time obtain greatest bonus test time manag skill make perfect strategi challeng level improv culinari arsenal get reward achiev achiev zenith zenith creat exquisit dish need best top ingredi equip win currenc level reinvest improv facet kitchen manual achiev game see mileston reach way becom chef teacher also claim well reward use boost progress never stop enjoy juici content game unparallel gameplay immers festiv environ limit time restaur halloween mother day patrick day dragon boat festiv savor magic cultur adventur period updat includ new restaur content chef alway remain alert stagnat level littl energi fear join team call friend facebook send energi share last culinari triumph succumb kitchen fever togeth open restaur time place without internet connect give free rein joy cook without tie kitchen game look wait longer put apron subtrat real culinari mad stay attent social network learn latest news gift find friend teammat communiti friend player facebook fan offici group email
world chef,"Â¿Te gusta la comida exÃ³tica o eres mÃ¡s de patatas y hamburguesas? Con cualquiera de las dos opciones tienes un hueco en las cocinas de World Chef, el juego de cocina mÃ¡s internacional con chefs y recetas de mÃ¡s de 20 nacionalidades. World Chef es un restaurante feliz abierto las 24 horas del dÃ­a, donde los camareros siempre te reciben con una sonrisa y la comida es tan deliciosa que tendrÃ¡s que jugar con babero. Abre tu restaurante, ponle nombre y decÃ³ralo a tu gusto. DespuÃ©s, empieza a cocinar con nuestros chefs del mundo. Se harÃ¡ tan popular que tendrÃ¡s que ir ampliÃ¡ndolo. Mejora el menÃº con cada nuevo chef internacional: tacos, pizza, sushi... Un mundo de comida puede caber en un solo restaurante. A medida que vayas obteniendo reputaciÃ³n como chef, podrÃ¡s recibir a clientes VIP e incluso hacer el catering de eventos especiales. Â¡ProntÃ³ serÃ¡s un maestro en llevar un restaurante de renombre! Recuerda: esto no es comida rÃ¡pida, tÃ³mate tu tiempo para cocinar las mejores recetas porque tus clientes saben que la espera merece la pena. --- CARACTERÃSTICAS: * Crea, decora y regenta tu propio restaurante. * Crea decoraciones exclusivas en el Estudio de diseÃ±o. * Compra y vende ingredientes frescos y cocina platos deliciosos. * Construye tu propio muelle, compra un barco y empieza a importar ingredientes exÃ³ticos. * Prepara los platos mÃ¡s deliciosos para clientes de todo el mundo. * Aumenta tu popularidad y ve cÃ³mo los VIPs se vuelven clientes asiduos. --- Descargar y jugar a World Chef es gratis. Sin embargo, hay artÃ­culos en la aplicaciÃ³n para el juego que se compran con dinero de verdad. Si quieres deshabilitar esta opciÃ³n, puedes hacerlo desde los ajustes de tu telÃ©fono o tablet. No vender mis datos personales: https://www.take2games.com/ccpa/",,like exot food potato hamburg two option hole kitchen world chef intern cook game chef recip nation world chef happi restaur open hour day waiter alway receiv smile food delici play babero open restaur name decor like start cook chef world becom popular expand improv menu new intern chef taco pizza sushi world food fit singl restaur get reput chef receiv vip client even make cater special event teacher wear renown restaur rememb fast food take time cook best recip custom know wait worth featur creat decor run restaur creat exclus decor design studi buy sell fresh ingredi cook delici dish build dock buy ship start import exot ingredi prepar delici dish custom around world increas popular see vip becom regular custom download play world chef free howev item game game bought real money want disabl option phone tablet set sell person data
food street,"Bienvenido a Food Street, un nuevo y divertido juego de manejo de un restaurante. CREA EL RESTAURANTE DE TUS SUEÃ‘OS Se sitÃºa en un increÃ­ble mundo en 3D y contiene unos personajes entraÃ±ables. Disfruta de una diversiÃ³n sin fin con la amplia selecciÃ³n de ingredientes frescos y platos deliciosos de todo el mundo. Visita a tus amigos, intercambia productos y juega con ellos en los clubes gastronÃ³micos. AÃ±ade un toque personal a la decoraciÃ³n y, muy pronto, Â¡tu restaurante serÃ¡ famoso en el mundo entero! --------------------------- CARACTERÃSTICAS DEL JUEGO --------------------------- * Descarga gratis este divertido juego de restaurantes con increÃ­bles grÃ¡ficos 3D. * Â¡Construye, decora y gestiona tu propio restaurante! * Recoge ingredientes y prepara platos deliciosos de todo el mundo. * Personaliza a tus empleados y sirve a una clientela feliz. * Comercia con ingredientes y platos entre amigos y jugadores. * Colabora con clubes gastronÃ³micos y participa en competiciones amistosas. * DiviÃ©rtete con eventos estacionales, platos nuevos y decorados temÃ¡ticos. AVISO: Descargar Food Street es gratis. No obstante, dentro del juego se pueden realizar comprar con dinero real. Si no quieres hacerlo, desactiva las compras integradas en los ajustes de tu telÃ©fono. Es necesario estar conectado a Internet. --------------------------- AYUDA --------------------------- Si tienes problemas en Food Street, te pedimos disculpas. Nuestro equipo estÃ¡ ahÃ­ para ayudarte. Visita http://www.supersolid.co.uk/forum/index.php?forums/feedback.26/ PolÃ­tica de privacidad: http://supersolid.com/privacy/ TÃ©rminos de uso: http://supersolid.com/tos/",,welcom food street new fun manag game restaur creat restaur dream place incred world contain endear charact enjoy endless fun wide select fresh ingredi delici dish around world visit friend exchang product play gastronom club add person touch decor soon restaur famous throughout world r download fun restaur game incred graphic build decor manag restaur gather ingredi prepar delici dish around world custom employe serv happi clientel trade ingredi dish friend player collabor gastronom club particip friend competit fun season event new decor themat dish notic download food street free howev within game buy real money want deactiv purchas integr phone set necessari connect internet help problem food street apolog team help privaci polici term use
star chef 2,"ğŸ‘©â€ğŸ³ Â¡Hola Chefs! Â¿EstÃ¡is listos para cocinar deliciosos platos en vuestro restaurante? SumÃ©rgete en la alegrÃ­a de cultivar tus propias verduras en la granja, criar animales con esmero y preparar exquisitos platos desde cero. Experimenta la combinaciÃ³n perfecta de cocina y agricultura mientras creas una variedad de cocinas de clase mundial para deleitar a tus clientes. Con tu creatividad y nuestras herramientas de Ãºltima generaciÃ³n, construye el restaurante de tus sueÃ±os desde cero. Â¡Deja que los sabores de tu imaginaciÃ³n cobren vida! ğŸ¨ ğŸ¥ Desata la fiebre culinaria convirtiÃ©ndote en parte de la comunidad de chefs. Conoce a los mejores chefs y visita sus restaurantes, Ãºnete a ellos, cultiva y cocina, y ten la oportunidad de ganar el tÃ­tulo de Chef Maestro participando en competiciones y torneos culinarios. ğŸ´ ğŸ§† Cocina, hornea y asa tus mejores platos atendiendo las necesidades de los comensales en tu hotel. Simulaciones atractivas como mÃºsica en vivo, apariciones de celebridades, fiestas en la piscina, granjas y mucho mÃ¡s fuera de la cocina del restaurante estÃ¡n preparadas para tu diversiÃ³n. Esta manÃ­a culinaria impulsarÃ¡ tu espÃ­ritu emprendedor para cultivar verduras, construir un restaurante, gestionar un hotel y manejar tu restaurante. ğŸ‘©â€ğŸ’¼ ğŸ£ Mejora tu ciudad culinaria, cocina y cultiva tus comidas creativas con nuestro juego de restaurante. En este mundo de chefs, tendrÃ¡s la oportunidad de competir por el TÃ­tulo Supremo de Star Chef en tu restaurante. ğŸ™ Â¿Por quÃ© instalar el juego Star Chef 2? âœ” Interfaz fÃ¡cil de usar y estimulante âœ” GestiÃ³n culinaria divertida, adictiva y llena de acciÃ³n âœ” Muestra tus habilidades culinarias, cultiva verduras y animales, y prepara una variedad de cocinas en tu restaurante âœ” Haz que tu restaurante sea vibrante con decoraciones y diseÃ±os distintivos CaracterÃ­sticas del juego: Historias intrigantes ğŸ“– Â¡MÃ¡s de 150 misiones basadas en historias para vivir la vida de chef! Mejora tus habilidades de gestiÃ³n, cultiva y sigue creciendo en la cocina del hotel de locura culinaria. MÃ¡s de 200 recetas deliciosas ğŸœ Â¡Desde pizzas y hamburguesas hasta frittatas e incluso gofres! Despierta al chef que llevas dentro y diviÃ©rtete con nuestro juego de comida en lÃ­nea para hoteles. PersonalizaciÃ³n ğŸ½ Decora tu restaurante con patrones de diseÃ±o Ãºnicos que van desde pegatinas de pared y decoraciones de suelo hasta accesorios excepcionales. Renueva y transforma tu restaurante con nuestras decoraciones lujosas. Contrata chefs internacionales ğŸ‘©â€ğŸ³ Mejora tu diario culinario con chefs internacionales capacitados. Mejora tus habilidades culinarias y participa en batallas de cocina. Equipos de chefs ğŸ« Chatea y Ãºnete a tus super chefs. Explora las caracterÃ­sticas de juego comunitario bien integradas y Ãºnete para colaborar y participar en torneos. Trivia ğŸ™‹â€â™€ï¸ Descubre datos sorprendentes y divertidos sobre recetas y platos mientras sigues creciendo como magnate de los restaurantes. Granja y cosecha ğŸ‘©â€ğŸŒ¾ Comienza tu aventura culinaria cultivando productos frescos en tu patio trasero. Torneos en equipo ğŸ† Â¡Participa en campeonatos y desafÃ­os para ganar! Juega minijuegos ğŸ¯ Disfruta de minijuegos en la comodidad de tu pueblo. **Â¡NOTA!** Star Chef 2 es un juego de simulaciÃ³n de cocina para descargar y jugar. Aunque algunos artÃ­culos fascinantes del juego pueden comprarse con dinero real. PolÃ­tica de privacidad: http://www.99games.in/privacypolicy.html TÃ©rminos de servicio: http://www.99games.in/termsofservice.html Â¿Tienes preguntas sobre el juego? ContÃ¡ctanos en: support@99games.in Comienza tu viaje culinario, cultiva y vive la vida de chef. Â¡Descarga Star Chef 2 ahora para comenzar a cocinar!",,hello chef readi cook delici dish restaur immers joy grow veget farm rais anim care prepar exquisit dish scratch experi perfect combin kitchen agricultur creat varieti world class kitchen delight custom creativ latest tool build restaur dream scratch let flavor imagin come aliv unleash culinari fever becom part chef communiti meet best chef visit restaur join cultiv cook opportun win titl chef master particip competit culinari tournament kitchen bake handl best dish meet need diner hotel attract simul live music celebr appear pool parti farm much outsid restaur kitchen prepar fun culinari mania boost entrepreneuri spirit grow veget build restaur manag hotel handl restaur improv culinari citi cook cultiv creativ meal restaur game world chef opportun compet suprem titl star chef restaur instal star chef game easi use stimul fun addict action stimul show culinari skill cultiv veget anim prepar varieti kitchen restaur make restaur vibrant decor distinct design characterist game intrigu stori mission base stori live life chef improv manag skill cultiv continu grow cuisin culinari mad hotel delici recip pizza hamburg frittatata even gofr wake chef carri insid fun onlin food game hotel person decor restaur uniqu design pattern rang wall sticker soil decor except accessori renew transform restaur luxuri decor contract intern chef improv culinari newspap train intern chef improv culinari skill particip kitchen battl chef equip chatea join super chef explor characterist well communiti play join collabor particip tournament trivia discov amaz fun data recip dish still grow magnat restaur farm harvest begin culinari adventur grow fresh product backyard team tournament particip championship challeng win play minijuego enjoy mini comfort peopl note star chef kitchen simul game download play although fascin item game bought real money privaci polici term servic question game contact us start culinari trip cultiv live life chef download star chef start cook
foodventure inc,"Â¿Te imaginas convertirte en chef ğŸ‘¨â€ğŸ³ y magnate gestionando tu propio restaurante ğŸ´? En Foodventure, un emocionante idle tycoon, puedes hacer realidad ese sueÃ±o. Comienza tu aventura en acogedor cafÃ© â˜• o incluso en bar ğŸ¹, gestionando pequeÃ±os negocios como pizzerÃ­a ğŸ•, cafeterÃ­a ğŸ¥ o sushi bar ğŸ£, y conviÃ©rtete en figura destacada en el mundo de la culinaria. Â¡Expande tu imperio, demuestra tu talento en la cocina y ofrece la mejor comida ğŸ¥— mientras disfrutas de experiencia Ãºnica! En Foodventure, el primer paso es simple: cocinar. Prepara una pizza ğŸ•, una hamburguesa ğŸ”, una refrescante limonada ğŸ‹, o un exquisito plato de sushi ğŸ£ acompaÃ±ado de un delicioso cafÃ© â˜•. En estos juegos de comida, tus habilidades en la cocina ğŸ‘©â€ğŸ³ te llevarÃ¡n lejos, convirtiÃ©ndote en un chef ğŸ§‘â€ğŸ³ maestro en este emocionante juego idle tycoon. Gestiona tu propio restaurante ğŸ´, expande tu negocio y alcanza el Ã©xito como un magnate. A medida que creces, podrÃ¡s gestionar negocios como bar ğŸ¹, cafeterÃ­a ğŸ¥, sushi bar ğŸ£ o pizzerÃ­a ğŸ•, ofreciendo experiencias Ãºnicas en el mundo de la culinaria. AsegÃºrate de que cada hamburguesa ğŸ”, pizza ğŸ•, plato de sushi ğŸ£, limonada ğŸ‹ o cualquier otra comida ğŸ¥— estÃ©n perfectamente preparados. La dedicaciÃ³n serÃ¡ clave para satisfacer a tus clientes. Ya sea en cafÃ© â˜• o en otro lugar, la calidad en cada uno de los juegos de cocinar serÃ¡ esencial para el Ã©xito. El corazÃ³n de este juego de cocina estÃ¡ en la expansiÃ³n. En este idle tycoon, puedes abrir establecimientos y convertirte en chef ğŸ‘¨â€ğŸ³ y magnate. Cada restaurante ğŸ´ te ofrece oportunidades para mostrar tus habilidades y ganar dinero. Gestiona recursos, contrata empleados y empieza a cocinar platos deliciosos. Si te gustan los juegos de comida y buscas un desafÃ­o, esta es tu oportunidad. En estos juegos, puedes desbloquear mejoras para la cocina, permitiÃ©ndote cocinar mÃ¡s rÃ¡pido y servir mejor a los clientes. Gestiona bar ğŸ¹, cafeterÃ­a ğŸ¥, sushi bar ğŸ£, pizzerÃ­a ğŸ• o acogedor cafÃ© â˜•, sirviendo pizza ğŸ•, sushi fresco ğŸ£, hamburguesa ğŸ” o refrescante limonada ğŸ‹. La eficiencia en la operaciÃ³n culinaria serÃ¡ clave para satisfacer a los clientes. La calidad de la comida ğŸ¥— que prepares garantizarÃ¡ tu Ã©xito. Aunque no estÃ©s activo, seguirÃ¡s generando ingresos. A medida que creces como magnate en Foodventure, podrÃ¡s expandir tu negocio y ofrecer mÃ¡s que solo pizza ğŸ•, hamburguesa ğŸ”, sushi ğŸ£ y limonada ğŸ‹. Como chef ğŸ‘¨â€ğŸ³, abrirÃ¡s locales Ãºnicos con estilos de cocina ğŸ‘©â€ğŸ³ para atraer mÃ¡s clientes. En este idle tycoon, cada nueva ubicaciÃ³n te acerca al Ã©xito en el restaurante ğŸ´. Si amas los juegos de cocinar, este reto serÃ¡ perfecto para crear experiencias inolvidables. Este es restaurante ğŸ´ excepcional para los amantes del buen comer y la culinaria. Foodventure tiene todo lo que necesitas en juego de cocina. Como chef ğŸ‘¨â€ğŸ³ en este idle tycoon, gestiona cafeterÃ­a ğŸ¥, pizzerÃ­a ğŸ•, sushi bar ğŸ£, acogedor cafÃ© â˜• o bar ğŸ¹, y al cocinar te acercarÃ¡s a ser maestro de la comida ğŸ¥—. ConviÃ©rtete en verdadero magnate de la gastronomÃ­a. Descarga Foodventure hoy y emprende tu aventura gastronÃ³mica. Abre tu propio bar ğŸ¹ o sushi bar ğŸ£, gestiona la pizzerÃ­a ğŸ• y la cafeterÃ­a ğŸ¥, y prepara refrescante limonada ğŸ‹, deliciosa pizza ğŸ•, jugosa hamburguesa ğŸ” y exquisito sushi ğŸ£ para deleitar a tus clientes. Â¡La cima del Ã©xito en el mundo de la cocina ğŸ‘©â€ğŸ³ te espera! Finalmente, conviÃ©rtete en chef ğŸ‘¨â€ğŸ³ y magnate sin igual, domina cada restaurante ğŸ´ y brilla en este apasionante idle tycoon, sin olvidar acompaÃ±arlo con delicioso cafÃ© â˜•.",,becom chef magnat manag restaur foodventur excit idl tycoon make dream come true start adventur cozi coffe even bar manag small busi pizzeria cafeteria sushi bar becom promin figur world culinari expand empir demonstr talent kitchen offer best food enjoy uniqu experi foodventur first step simpl cook prepar pizza hamburg refresh lemonad exquisit sushi dish accompani delici coffe food game kitchen skill take far becom master chef excit idel tycoon game manag restaur expand busi achiev success tycoon grow manag busi bar cafeteria sushi bar pizzeria offer uniqu experi world culinari make sure hamburg pizza sushi dish lemonad food perfect prepar dedic key satisfi custom either coffe elsewher qualiti cook game essenti success heart kitchen game expans idl tycoon open establish becom chef magnat restaur offer opportun show skill earn money manag resourc hire employe begin cook delici dish like food game look challeng chanc game unlock improv kitchen allow cook faster better serv custom manag bar cafeteria sushi bar pizzeria cozi coffe serv pizza fresh sushi hamburg lemonad refresh effici culinari oper key satisfi custom qualiti food prepar guarante success even activ continu generat incom grow tycoon foodventur expand busi offer pizza hamburg sushi lemonad chef open uniqu store kitchen style attract custom idl tycoon new locat bring closer success restaur love cook game challeng perfect creat unforgett experi except restaur lover good eat culinari foodventur everyth need kitchen chef idl tycoon manag cafeteria pizzeria sushi bar cozi coffe bar cook approach master food becom true magnat gastronomi download foodventur today undertak gastronom adventur open bar sushi bar manag pizzeria cafeteria prepar refresh lemonad delici pizza juici hamburg exquisit sushi delight custom top success world kitchen await final becom chef magnat without equal domin everi restaur shine excit idl tycoon forget accompani delici coffe
cooking city,"Cooking City - Â¡el juego de cocina de administraciÃ³n del tiempo mÃ¡s adictivo!ğŸŸ Ãšnete a la Cooking City, Toca lo mÃ¡s rÃ¡pido que puedas para disfrutar de un juego de ritmo rÃ¡pido. ğŸ³ Â¡Prepara, cocina y sirve comidas sabrosas de todo el mundo! Pasa del cafÃ© clÃ¡sico al restaurante chino, horneando pasteles dulces y deliciosas hamburguesas. ğŸ° ğŸ‘©ğŸ½â€ğŸ³ Restaurante Abierto Cualquier Momento, Cualquier Lugar - Â¡No se necesita internet despuÃ©s de la instalaciÃ³n inicial! - Â¡Disfruta del juego de administraciÃ³n del tiempo en tu bolsillo en cualquier momento! - Â¡Cocine sin conexiÃ³n la diversiÃ³n, abra su cocina donde quiera! - Â¡Construye tu imperio de cocina en este juego de cocina gratis! ğŸ° Cocinar 200 + cComida Sabrosa - Cientos de deliciosos ingredientes para cocinar en las comidas. - Hamburguesas, gofres, papas fritas y pizza ... Cocina platos que nunca has visto. - Â¡Mejora los ingredientes para administrar los mejores restaurantes de cocina! - Â¡Domina todo tipo de platos, los clientes hambrientos crecen con cada ciudad! ğŸ¯ MÃ¡s de 300 niveles con objetivos Ãºnicos - Â¡Estrategia de fantasÃ­a y juego trepidante! - Â¡La gestiÃ³n del tiempo y la diversiÃ³n desafÃ­an los lÃ­mites de la cocina! - Planeando un combo. Â¡Gana grandes bonos! - Â¡DiversiÃ³n sin fin con nuevos niveles y ciudades constantemente actualizadas! â° Usa Poderosos Aumenta - Completa los objetivos especiales de cocina con impulsos mÃ¡gicos. - Â¡Usa Fast Cook y Burn-Proofer, cae en una loca fiebre por cocinar! - Aumentar las ganancias con ventas dobles, los ingredientes frescos siempre son atractivos! - Potente mejora la habilidad de los chefs estrella feat y dash. ğŸ´ Maestro Masivo Aparatos de Cocina - 8+ restaurantes temÃ¡ticos con los aparatos Ãºnicos para cocinar. - MÃ¡quina de cafÃ© espresso o horno de pizza. los chefs estrella siempre pueden dominarlos perfectamente! - Administrar el tiempo de manera eficiente con aparatos de cocina actualizaciones. - Mejores aparatos ayudan a cocinar comida rÃ¡pida para ganar niveles difÃ­ciles. ğŸ“²ğŸ“²ğŸ“² Descargar Cooking City gratis. Â¡Disfruta del nuevo juego de cocina! >> Denos me gusta en FacebookğŸ’—: https://www.facebook.com/Cooking-City-227424291396117 >> Contacte con nosotrosğŸ’Œ: cookingcity@hotmail.com",,cook citi addict time administr cook game join cook citi play quick enjoy fast rhythm game prepar cook serv tasti meal world goe classic coffe chines restaur bake sweet delici hamburg pastel open restaur time anywher internet need initi instal enjoy time administr game pocket time cook fun open kitchen wherev want build cook empir free kitchen game cook tasti ccomida hundr delici ingredi cook meal hamburg gofr french fri pizza cook dish never seen improv ingredi manag best kitchen restaur domin kind dish hungri custom grow citi level uniqu object fantasi strategi thrill game time manag fun challeng boundari kitchen plan combo win great bond endless fun new level citi constant updat use power increas complet special kitchen object magic impuls use fast cook fall crazi fever cook increas earn doubl sale fresh ingredi alway attract power improv abil chef estrella feat dash massiv teacher cook themat restaur uniqu cook devic espresso coffe machin pizza oven star chef alway domin perfect manag time effici updat cook devic better devic help cook fast food gain difficult level download free cook citi enjoy new kitchen game like us facebook contact us
cooking world,"Te damos la bienvenida a Cooking WorldğŸŒ, un novedoso juego de cocina en modo de pantalla vertical que nunca has visto antes. ğŸ“±Deja de girar tu telÃ©fono o tableta para jugar como en otros juegos de cocina. Â¡Toca el icono del juego y comienza a cocinar de inmediato! A diferencia de los juegos de restaurante tradicionales, Cooking World te da el control total de la pantalla en modo retrato, llena de comidas y platos coloridos que esperan por tu gestiÃ³n. Este adictivo juego de gestiÃ³n de tiempo en un restaurante, que se lanza con motivo del AÃ±o Nuevo, te traerÃ¡ una experiencia de cocina totalmente nueva. ğŸ‘©â€ğŸ³ğŸ‘¨â€ğŸ³Cambia al modo de chef maestro en un segundo y disfruta en este juego simulador de cocina. âœˆï¸Emprende un viaje culinario para descubrir y desbloquear cocinas a travÃ©s de Cooking World. Cada restaurante varÃ­a en diferentes tierras y ğŸŒ„mapas. Cocina alimentos con los que estÃ¡s familiarizado y aprende recetas que nunca antes habÃ­as escuchado. Prepara, cocina y sirve platos deliciosos a comensales hambrientos para ganar elogios y beneficios. ConviÃ©rtete en un chef estrella y sumÃ©rgete en una verdadera locura por la cocina en el negocio de los restaurantes. ğŸ’¡Entonces, Â¿cÃ³mo se juega este juego? Toca lo mÃ¡s rÃ¡pido que puedas mientras observas los pedidos de los ğŸ›comensales. Sirve grandiosos platos en combinaciones de 5 para ganar recompensas en ğŸ’°monedas de oro extra, Â¡mientras los clientes hacen cola! Actualiza todos los ingredientes y electrodomÃ©sticos de la cocina para mejorar tus habilidades culinarias. Sigue practicando tus habilidades de cocina ğŸ½. Cocina como un chef alocodo para satisfacer a todos los invitados con fiebre de cocina y aumenta la reputaciÃ³n de tu restaurante. Â¡Cada vez mÃ¡s comensales se lanzan a este paraÃ­so de comida! ğŸ”¥Otra caracterÃ­stica Ãºnica de este divertido juego de cocina para presentar es la ğŸ‰HORA DE FIESTA. Completa todas las misiones con anticipaciÃ³nâŒ›ï¸, y el restaurante, en el tiempo restante, se convertirÃ¡ en un loco comedor en modo de fiesta con recompensas. Una forma de juego totalmente nueva te permite ganar toneladas de monedas como recompensa. QuÃ© genial es ver que se hacen y se recompensan las combinaciones sin un solo toque. Â¿Tienes curiosidad? Solo descarga ahora y vive la locura culinaria en la mÃ¡gica HORA DE FIESTA. MÃ¡s caracterÃ­sticas que trae este juego: - Viaja alrededor del mundo y desbloquea mapas de ciudades infinitas. - Abre diversos restaurantes uno tras otro durante el alegre viaje culinario. - Supera niveles divertidos y disfruta de HORA DE FIESTA para un trato maravilloso. - Juega con amigos y compite con jugadores de todo el mundo. - Utiliza potenciadores poderosos para ayudarte a convertirte en el chef top en la clasificaciÃ³n. - Participa en todo tipo de eventos emocionantes y gana regalos sorpresa. ğŸ“²ğŸ“²ğŸ“² Descarga Cooking World gratis. Actualizaciones regulares y niveles divertidos te esperan. Â¡Que comience la fiesta ahora y diviÃ©rtete! >> ContÃ¡ctanos en: cookingworldgame@outlook.com",,welcom cook world new kitchen game vertic screen mode never seen stop turn phone tablet play kitchen game touch game icon start cook immedi unlik tradit restaur game cook world give total screen control portrait mode full color meal dish wait manag addict time manag game restaur launch occas new year bring total new cook experi chang master chef mode second enjoy kitchen simul game undertak culinari trip discov unlock kitchen cook world restaur vari differ land map kitchen food familiar learn recip never heard prepar cook serv delici dish hungri diner gain prais benefit becom star chef shed real mad kitchen restaur busi play game touch quick see order diner serv great dish combin gain reward extra gold coin custom queue updat ingredi applianc kitchen improv culinari skill keep practic cook skill cook like alocodo chef satisfi guest kitchen fever increas reput restaur diner thrown food paradis anoth uniqu featur fun cook game present parti time complet mission restaur remain time becom mad dine room parti mode reward total new form allow win ton currenc reward great see combin made reward without singl touch curious download live culinari mad magic time parti characterist game bring travel around world unlock map infinit citi open various restaur anoth cheer culinari trip exceed fun level enjoy parti time wonder treatment play friend compet player around world use power potenti help becom chef top classif particip kind excit event earn surpris gift download free cook world regular updat fun level await let parti begin fun contact us
cooking diary,"Â¡Dirige tu propio imperio culinario como su chef y Ãºnete a aventuras locas en este divertido juego de gestiÃ³n del tiempo completamente gratuito! Â¡Ayuda al abuelo a salvar la cadena de restaurantes familiares y a recuperar su buen nombre! Â¡Prepara platos deliciosos, mejora tu cocina, decora nuevos restaurantes y cafeterÃ­as, y conquista el mundo culinario! Â¡Este juego te puede causar una verdadera fiebre culinaria! ğŸ”¥ Cooking Diary es un juego de simulaciÃ³n de restaurantes con una historia Ãºnica. Â¡55 MILLONES DE SUPERCHEFS EN TODO EL MUNDO! Â¡Te damos la bienvenida a Tasty Hills, una divertida ciudad donde todos aman cocinar! ğŸ˜‹ â¤ï¸ Es tu turno de escribir el siguiente capÃ­tulo en el diario de cocina del abuelo. Â¡Encuentra amigos de verdad y no les des ni una oportunidad a tus competidores para que elaboren planes locos! Â¡Gestiona restaurantes y cafeterÃ­as, y cocina deliciosos platos de alta calidad de todo el mundo! Â¡Mejora tu cocina y prepÃ¡rate para la locura culinaria! Â¡Ãšnete a eventos fascinantes en la vibrante vida de la ciudad y gana fama como gran chef! CaracterÃ­sticas del juego: ğŸ³ Â¡COCINA cientos de deliciosas recetas de todo el mundo! â˜• Â¡ABRE docenas de restaurantes y cafeterÃ­as en todos los distritos de Tasty Hills y decÃ³ralos a tu gusto! ğŸ–Œï¸ Â¡MEJORA tus restaurantes y controla tu fiebre culinaria! ğŸ›ï¸Â¡SORPRENDE al mundo entero probando looks ultraestilosos! ğŸ˜½ Â¡ENTABLA AMISTAD con adorables y sorprendentes mascotas! ğŸ† Â¡GANA locas competiciones culinarias con montones de premios! ğŸ“ Â¡INTERACTÃšA con los residentes de la ciudad y sumÃ©rgete en una emocionante historia! Â¡Cocina y pÃ¡satelo bien con tu familia y amigos! Â¡Cooking Diary es un juego culinario que une a amantes de la comida deliciosa y hermosa de todo el mundo! âš¡ Puedes cocinar en restaurantes y disfrutar de aventuras culinarias totalmente gratis, sin anuncios y sin internet: puedes jugar sin conexiÃ³n, Â¡no necesitas wifi!âš¡ Â¡Tasty Hills estÃ¡ esperando la gran apertura de tus restaurantes! Â¡Ãšnete a la familia de Cooking Diary, embÃ¡rcate en aventuras locas y construye tu propio imperio culinario, chef! Ãšnete a nosotros en redes sociales para estar al tanto de las Ãºltimas noticias de Tasty Hills: ğŸ” https://www.facebook.com/CookingDiaryMYTONA/ ğŸ§ https://www.youtube.com/CookingDiaryGame ğŸ¿ https://www.instagram.com/cookingdiary_official/ ğŸ£ https://twitter.com/cookingdiary Juega a Cooking Diary, el juego de gestiÃ³n del tiempo mÃ¡s apetitoso: Â¡cocina platos locos y conquista el mundo culinario! Tasty Hill necesita su superchef, Â¿podrÃ­as ser tÃº? â­",,direct culinari empir chef join crazi adventur funni time manag game help grandfath save chain famili restaur recov good name prepar delici dish improv kitchen decor new restaur coffe shop conquer culinari world game caus real culinari fever cook diari restaur simul game uniqu stori million superchef worldwid welcom tasti hill fun citi everyon love cook turn write next chapter grandfath kitchen find real friend give competitor opportun make crazi plan manag restaur coffe shop cook delici high qualiti dish around world improv kitchen get readi culinari mad join fascin event vibrant life citi gain fame great chef game characterist cook hundr delici recip around world open dozen restaur coffe shop district tasti hill declin like improv restaur control culinari fever surpris entir world test ultra friendship ador surpris pet win crazi culinari competit lot award interact citi resid immers excit histori kitchen pass well famili friend cook diari culinari game unit lover delici beauti food around world cook restaur enjoy culinari adventur total free without ad without internet play without connect need wifi tasti hill wait great open restaur join cook diari famili get crazi adventur build culinari empir chef join us social network awar latest news tasti hill play cook diari appet time manag game cook crazi plate conquer culinari world tasti hill need superchef could
dr panda restaurante 3,"Â¡ConviÃ©rtete en el mejor chef del mundo! Â¡Ponte a cocinar y sirve deliciosos platillos! Presume de tu creatividad culinaria para impresionar a los hambrientos comensales, Â¡obtÃ©n recompensas y progresa para convertirte en un autÃ©ntico mÃ¡ster chef! Â¡DESATA TU GENIO CULINARIO! Â¡Ponte el delantal y comienza a cocinar mientras te acostumbras a tu cocina completamente equipada! Arrasa el refrigerador para recoger tus ingredientes y comienza a preparar tus comidas favoritas. Â¡Corta, hornea, frÃ­e o asa tus ingredientes, luego agrega condimentos para personalizar y servir una creaciÃ³n culinaria perfecta! Â¡DIRIGE TU RESTAURANTE! Â¡Todo depende de ti a medida que aprendes a dirigir tu propio restaurante! Dales la bienvenida a tus comensales y presÃ©ntales tu delicioso menÃº. Â¡Encuentra el platillo correcto para ellos, sÃ­rveles el pedido como les gusta y gana monedas por hacer felices a tus clientes! Â¿PodrÃ¡s progresar hasta ser un mÃ¡ster chef? Â¡ANIMACIONES ASOMBROSAS! Conoce a todos los divertidos amigos del Dr. Panda en este juego nuevo y emocionante. Â¡Disfruta de las bonitas animaciones y las divertidas reacciones! Prepara algunas locas combinaciones de comidas o esconde algunos ajÃ­es picantes de mÃ¡s en su pizza, y comparte algunas risitas mientras se la devoran. Principales CaracterÃ­sticas: - Desata tu creatividad y sÃ© el mejor chef del mundo - Â¡MÃ¡s de 25 ingredientes y condimentos para elegir! - Â¡Aprende a dirigir tu propio restaurante! - Â¡Prepara pizzas, hamburguesas, pastas, batidos y mucho mÃ¡s! - Â¡ObtÃ©n recompensas y sube de nivel con tu talento culinario! - Â¡Domina todos los elementos de la cocina! - Â¡Juega a tu propio ritmo sin lÃ­mites de tiempo! - Divertido para niÃ±os de todas las edades, adolescentes y adultos por igual. - Â¡Seguro para niÃ±os! Sin anuncios de terceros - Â¡Prueba Dr. Panda Restaurante 3 gratis! Valores educativos: - Los niÃ±os aprenden mÃ©todos de cocina bÃ¡sicos para diferentes tipos de recetas. - FamiliarÃ­zate con diferentes ingredientes y elementos de cocina Ãºtiles. - Aprende a reconocer las respuestas faciales de los clientes segÃºn lo que les gusta y lo que no. - Los niÃ±os pueden representar un papel y desarrollar habilidades narrativas. Dr. Panda Restaurante 3 es un juego educativo gratis para niÃ±os que ofrece compras dentro de la aplicaciÃ³n para desbloquear contenido adicional. Estas son compras Ãºnicas que desbloquearÃ¡n el contenido para tu cuenta de forma permanente. Revisa los ajustes de tu dispositivo para obtener mas detalles sobre las opciones parentales referidas a las compras dentro de la aplicaciÃ³n y no dudes en ponerte en contacto con nosotros en support@drpanda.com si tienes comentarios o consulta PolÃ­tica de Privacidad Como diseÃ±adores de juegos infantiles, comprendemos la importancia de la privacidad en este mundo digital y moderno. Puedes leer nuestra polÃ­tica de privacidad en: www.drpanda.com/privacy Sobre Dr. Panda Dr. Panda es un desarrollador de juegos para niÃ±os. Creamos juegos educativos que ayudan a los niÃ±os a aprender sobre el mundo que les rodea. Todos nuestros juegos son seguros y no muestran contenido inapropiado. Si tienes preguntas sobre cÃ³mo diseÃ±amos los juegos no dudes en ponerte en contacto con nosotros. EnvÃ­anos un email a support@drpanda.com o contacta con nosotros a travÃ©s de nuestra pÃ¡gina de Facebook www.facebook.com/drpandagames, Twitter www.twitter.com/drpandagames o Instagram www.instagram.com/drpandagames.",,becom best chef world put cook serv delici dish boast culinari creativ impress hungri diner get reward progress becom real chef master unleash culinari genius put apron start cook get use kitchen fulli equip refriger sweep collect ingredi start prepar favorit meal short bake fri handl ingredi add condiment custom serv perfect culinari creation direct restaur everyth depend learn direct restaur welcom diner present delici menu find right dish serv like earn coin make custom happi progress chef master amaz anim meet fun friend panda new excit game enjoy beauti anim fun reaction prepar crazi combin meal hide spici pepper pizza share giggl devour main characterist unleash creativ best chef world ingredi condiment choos learn direct restaur prepar pizza hamburg pasta smoothi much get reward level culinari talent master element kitchen play rhythm without time limit fun children age adolesc adult equal safe children third parti panda panda free restaur educ valu children learn basic cook method differ type recip famili differ ingredi use kitchen element learn recogn custom facial respons accord like children play role develop narrat skill panda restaur free educ game children offer purchas within applic unlock addit content uniqu purchas unlock content account perman check devic set detail parent option refer purchas within applic hesit contact us whether comment privaci polici consult children game design understand import privaci digit modern world read privaci polici panda panda children game develop creat educ game help children learn world around game safe show inappropri content question design game hesit contact us send us email contact us facebook page twitter instagram
idle restaurant tycoon,"Â¿Alguna vez te preguntaste cÃ³mo ser un buen gerente de restaurant? Â¡DescÃºbrelo con este nuevo juego Idle sobre restaurantes! Con Idle Restaurant Tycoon, conviÃ©rtete en gerente de restaurantes y construye un imperio culinario ğŸ²ğŸ¤‘ â­ Administra tu restaurante y las ganancias que obtengas en este juego Tycoon. â­ Â¡Crea una estrategia para convertirte en millonario, renueva tus restaurantes, prepara comida deliciosa y construye un imperio! Crea tu imperio en el restaurante Idle Tycoon ğŸ‘¨â€ğŸ³Contrata al chef mÃ¡s experimentado, elige a tu personal, administra las finanzas y conviÃ©rtete en un excelente jefe. ğŸ’¸ Haz crecer tu imperio de cocina con este juego de restaurantes sin hacer tap tap constantemente. ğŸ½ï¸ Comienza una aventura culinaria con restaurantes en todo el mundo, perfecciona tu tÃ©cnica con ayuda de los mejores chefs y contrata personal en todos los niveles de este Food Tycoon. No es necesario hacer clic infinidad de veces Si estÃ¡s cansado de los juegos de estrategia tipo Idle Tycoon donde tienes que hacer tap tap todo el tiempo y buscas uno que no sea como los demÃ¡s simuladores, Â¡este es el juego perfecto para ti! Descubre nuevas historias de comida Juega en nuestro simulador de cocina, gana e invierte tanto dinero como sea posible â€“ Â¡tanto si estÃ¡s en lÃ­nea como sin conexiÃ³n! Sube de nivel para desbloquear mejoras en la cocina, fÃ¡cilmente y sin tener que hacer tap tap todo el tiempo. â­Haz renovaciones y construye tu imperio Tycoon. â­ConviÃ©rtete en un gerente con este simulador Idle de cocina. â­Mejora tu cocina y sÃ© el mejor en este juego de estrategia sobre restaurantes. Nuestro juego de restaurant no es como otros juegos de puro tap tap.ğŸ›‘ Construye tu imperio en Idle Tycoon Con nuestro simulador de juegos de cocina, podrÃ¡s crear tu propia historia en un restaurante siguiendo tu estrategia hasta que te conviertas en dueÃ±o del imperio Idle Tycoon. Â¡Lidera la batalla culinaria en cada restaurante! ğŸŒŸLos juegos de estrategia Idle que te permiten ser un magnate de la cocina son geniales para divertirse siempreğŸŒŸ Descarga Idle Restaurant Tycoon ahora mismo Cada que avances en el restaurante Idle Tycoon, tÃº y el chef prepararÃ¡n y servirÃ¡n deliciosos platillos de comida. Haz felices a tus clientes, gana mÃ¡s dinero y renueva tu cocina. Cuando lo pruebes, Â¡te olvidarÃ¡s de otros juegos de estrategia sobre restaurantes! â€¢ Saca provecho de las inversiones de dinero que hagas y vuÃ©lvete rico ğŸ’° â€¢ Construye tu propio imperio con Idle Tycoon ğŸ‘‘ â€¢ Este no es un juego que requiera hacer clic todo el tiempo, Â¡asÃ­ que no es necesario pasarla haciendo tap tap como en otros juegos de estrategia tipo Idle y Food Tycoon! ğŸ‘Œ â€¢ Atrae clientes y haz crecer a tu empresa de simulaciÃ³n de cocina ğŸ™Œ â€¢ Aumenta tu dinero cuando juegues en lÃ­nea o incluso si no tienes conexiÃ³n con este simulador de cocina ğŸ’¸ â€¢ Crea un imperio con este juego de cocina. â­ OlvÃ­date de los otros juegos de estrategia tipo Idle y Food Tycoon donde tienes que hacer tap tap todo el tiempo para obtener beneficios. Nuestro restaurant Idle Tycoon no es como los juegos convencionales en los que debes hacer varios clics. Es un juego nuevo donde crearÃ¡s tu historia en un restaurante â­Consigue el mejor chef para los diferentes tipos de cocina que tengas en Idle Tycoon. â­De este modo te prepararÃ¡s con la mejor estrategia para la batalla culinaria como en ningÃºn otro de los juegos de restaurantes. â­Haz felices a los clientes y expande tu empresa en el simulador Idle Tycoon. Este es el simulador Idle Tycoon que necesitas. Â¡Encuentra la mejor estrategia para tu aventura culinaria y haz crecer tu imperio en Idle Tycoon. Â¡DescÃ¡rgalo Idle Restaurant Tycoon ahora y comienza tu aventura de Idle Tycoon. VersiÃ³n impresa: https://www.kolibrigames.com/impressum/ PolÃ­tica de Privacidad: https://www.kolibrigames.com/privacy-policy/ TÃ©rminos y Condiciones: https://www.kolibrigames.com/terms-and-conditions/",,ever wonder good restaur manag find new idl game restaur idl restaur tycoon becom restaur manag build culinari empir manag restaur profit get tycoon game creat strategi becom millionair renew restaur prepar delici food build empir creat empir idel tycoon restaur hire experienc chef choos staff manag financ becom excel boss grow cook empir restaur game without constant tap tap culinari adventur begin restaur worldwid perfect techniqu help best chef hire person level food tycoon necessari click countless time tire idl tycoon strategi game make tap tap time look one simul perfect game discov new food stori play kitchen simul earn invest much money possibl whether onlin without connect level unlock improv kitchen easili without make tap time make renov build empir tycoon becom manag idl cook simul improv kitchen best restaur strategi game restaur game like game pure tap tap build empir idl tycoon kitchen game simul creat stori restaur follow strategi becom owner idel tycoon empir lead culinari battl restaur idl strategi game allow kitchen tycoon great fun idl restaur tycoon right everi advanc idel tycoon restaur chef prepar serv delici food dish make custom happi earn money renew kitchen tri forget restaur strategi game take advantag money invest make come rich build empir idl tycoon game requir click time necessari spend make make tap tap iprod food tycoon strategi game attract custom grow kitchen simul compani increas money play onlin even connect kitchen simul creat empir kitchen game forget idl food tycoon strategi game make tap tap time obtain benefit idl tycoon restaur like convent game must make sever click new game creat stori restaur get best chef differ type cuisin idl tycoon way prepar best strategi culinari battl restaur game make custom happi expand compani idl tycoon simul idel tycoon simul need find best strategi culinari adventur make empir grow idl tycoon download idl restaur tycoon idl tycoon adventur begin print version privaci polici term condit
